[{
    "wordEnglish": "money",
    "wordNonEnglish": "el dinero es",
    "wordExpanded": null,
    "languageCode": "esp",
    "image": null,
    "imageType": null,
    "audio": null,
    "audioType": null,
    "linkAuthoritative": "https://www.money.org/",
    "linkWikipedia": "https://en.wikipedia.org/wiki/Money",
    "linkYoutube": "https://www.youtube.com/watch?v=r5eFObOFcME",
    "authorName": "Sahil Patel",
    "dateCreated": "03/13/2020",
    "dateRevised": "01/18/2020",
    "fieldOfStudy": "Business",
    "helpYes": 137,
    "helpNo": 70,
    "termEnglishId": "",
    "definitions": [
        {
            "authorName": "Sahil Patel",
            "dateCreated": "03/13/2020",
            "definition": "el dinero es un medio de cambio actual en forma de monedas y billetes; monedas y billetes colectivamente.",
            "quality": 0,
            "likes": 0
        }
    ]
},

{
    "wordEnglish": "atlas",
    "wordNonEnglish": "atlass",
    "wordExpanded": null,
    "languageCode": "ger",
    "image": null,
    "imageType": null,
    "audio": null,
    "audioType": null,
    "linkAuthoritative": "https://www.playatlas.com/",
    "linkWikipedia": "https://en.wikipedia.org/wiki/Atlas",
    "linkYoutube": "https://www.youtube.com/watch?v=ujQUrHr94yw",
    "authorName": "Timothy Haynes",
    "dateCreated": "02/04/2020",
    "dateRevised": "02/06/2020",
    "fieldOfStudy": "Geography",
    "helpYes": 125,
    "helpNo": 9,
    "termEnglishId": "",
    "definitions": [
        {
            "authorName": "Timothy Haynes",
            "dateCreated": "02/04/2020",
            "definition": "atlas ist eine gebundene Sammlung von Karten.",
            "quality": 0,
            "likes": 0
        }
    ]
},

{
    "wordEnglish": "eating",
    "wordNonEnglish": "manducans",
    "wordExpanded": null,
    "languageCode": "lat",
    "image": null,
    "imageType": null,
    "audio": null,
    "audioType": null,
    "linkAuthoritative": "http://www.eatingwell.com/",
    "linkWikipedia": "https://en.wikipedia.org/wiki/Eating",
    "linkYoutube": "https://www.youtube.com/watch?v=LJK-gdwl3Jk",
    "authorName": "Sahil Patel",
    "dateCreated": "01/09/2020",
    "dateRevised": "01/12/2020",
    "fieldOfStudy": "Cooking",
    "helpYes": 300,
    "helpNo": 69,
    "termEnglishId": "",
    "definitions": [
        {
            "authorName": "Sahil Patel",
            "dateCreated": "01/09/2020",
            "definition": "ingestion manducatio panis proprie corpori heterotrophic strenue ut providere augmentum.",
            "quality": 0,
            "likes": 0
        }
    ]
},

{
    "wordEnglish": "programming",
    "wordNonEnglish": "la programmation",
    "wordExpanded": null,
    "languageCode": "fre",
    "image": null,
    "imageType": null,
    "audio": null,
    "audioType": null,
    "linkAuthoritative": "https://www.w3schools.com/",
    "linkWikipedia": "https://en.wikipedia.org/wiki/Computer_programming",
    "linkYoutube": "https://www.youtube.com/watch?v=jfxcJH_OWgE",
    "authorName": "Hussain Muhammad",
    "dateCreated": "02/29/2020",
    "dateRevised": "03/06/2020",
    "fieldOfStudy": "computer science",
    "helpYes": 225,
    "helpNo": 100,
    "termEnglishId": "",
    "definitions": [
        {
            "authorName": "Hussain Muhammad",
            "dateCreated": "02/29/2020",
            "definition": "la programmation est l'acte ou le processus de planification ou d'écriture d'un programme.",
            "quality": 0,
            "likes": 0
        }
    ]
},

{
    "wordEnglish": "fight",
    "wordNonEnglish": "ladaee",
    "wordExpanded": null,
    "languageCode": "hin",
    "image": null,
    "imageType": null,
    "audio": null,
    "audioType": null,
    "linkAuthoritative": "https://www.fightnetwork.com/",
    "linkWikipedia": "https://en.wikipedia.org/wiki/Street_fighting",
    "linkYoutube": "https://www.youtube.com/watch?v=GVHYTdGUAZM",
    "authorName": "Shane Warane",
    "dateCreated": "01/19/2020",
    "dateRevised": "02/19/2020",
    "fieldOfStudy": "Sports",
    "helpYes": 66,
    "helpNo": 99,
    "termEnglishId": "",
    "definitions": [
        {
            "authorName": "Shane Warane",
            "dateCreated": "01/19/2020",
            "definition": "ladaee ek ladaee ya mukaabala hai.",
            "quality": 0,
            "likes": 0
        }
    ]
}]