[{
    "wordEnglish": "money",
    "wordNonEnglish": null,
    "wordExpanded": "moneys",
    "languageCode": "m-001",
    "image": null,
    "imageType": null,
    "audio": null,
    "audioType": null,
    "linkAuthoritative": "https://www.money.org/",
    "linkWikipedia": "https://en.wikipedia.org/wiki/Money",
    "linkYoutube": "https://www.youtube.com/watch?v=r5eFObOFcME",
    "authorName": "Sahil Patel",
    "dateCreated": "03/13/2020",
    "dateRevised": "01/18/2020",
    "fieldOfStudy": "Business",
    "helpYes": 137,
    "helpNo": 70,
    "definitions": [
        {
            "authorName": "Sahil Patel",
            "dateCreated": "03/13/2020",
            "definition": "money is a current medium of exchange in the form of coins and banknotes; coins and banknotes collectively.",
            "quality": 0,
            "likes": 0
        }
    ]
},
{
    "wordEnglish": "atlas",
    "wordNonEnglish": null,
    "wordExpanded": "atlases",
    "languageCode": "a-002",
    "image": null,
    "imageType": null,
    "audio": null,
    "audioType": null,
    "linkAuthoritative": "https://www.playatlas.com/",
    "linkWikipedia": "https://en.wikipedia.org/wiki/Atlas",
    "linkYoutube": "https://www.youtube.com/watch?v=ujQUrHr94yw",
    "authorName": "Timothy Haynes",
    "dateCreated": "02/04/2020",
    "dateRevised": "02/06/2020",
    "fieldOfStudy": "Geography",
    "helpYes": 125,
    "helpNo": 9,
    "definitions": [
        {
            "authorName": "Timothy Haynes",
            "dateCreated": "02/04/2020",
            "definition": "atlas is a bound collection of maps.",
            "quality": 0,
            "likes": 0
        }
    ]
},

{
    "wordEnglish": "eating",
    "wordNonEnglish": null,
    "wordExpanded": "eatings",
    "languageCode": "e-003",
    "image": null,
    "imageType": null,
    "audio": null,
    "audioType": null,
    "linkAuthoritative": "http://www.eatingwell.com/",
    "linkWikipedia": "https://en.wikipedia.org/wiki/Eating",
    "linkYoutube": "https://www.youtube.com/watch?v=LJK-gdwl3Jk",
    "authorName": "Sahil Patel",
    "dateCreated": "01/09/2020",
    "dateRevised": "01/12/2020",
    "fieldOfStudy": "Cooking",
    "helpYes": 300,
    "helpNo": 69,
    "definitions": [
        {
            "authorName": "Sahil Patel",
            "dateCreated": "01/09/2020",
            "definition": "eat is ingestion of food, typically to provide a heterotrophic organism with energy and to allow for growth.",
            "quality": 0,
            "likes": 0
        }
    ]
},

{
    "wordEnglish": "programming",
    "wordNonEnglish": null,
    "wordExpanded": "programmings",
    "languageCode": "p-004",
    "image": null,
    "imageType": null,
    "audio": null,
    "audioType": null,
    "linkAuthoritative": "https://www.w3schools.com/",
    "linkWikipedia": "https://en.wikipedia.org/wiki/Computer_programming",
    "linkYoutube": "https://www.youtube.com/watch?v=jfxcJH_OWgE",
    "authorName": "Hussain Muhammad",
    "dateCreated": "02/29/2020",
    "dateRevised": "03/06/2020",
    "fieldOfStudy": "computer science",
    "helpYes": 225,
    "helpNo": 100,
    "definitions": [
        {
            "authorName": "Hussain Muhammad",
            "dateCreated": "02/29/2020",
            "definition": "programming is the act or process of planning or writing a program.",
            "quality": 0,
            "likes": 0
        }
    ]
},

{
    "wordEnglish": "fight",
    "wordNonEnglish": null,
    "wordExpanded": "fighting",
    "languageCode": "f-005",
    "image": null,
    "imageType": null,
    "audio": null,
    "audioType": null,
    "linkAuthoritative": "https://www.fightnetwork.com/",
    "linkWikipedia": "https://en.wikipedia.org/wiki/Street_fighting",
    "linkYoutube": "https://www.youtube.com/watch?v=GVHYTdGUAZM",
    "authorName": "Shane Warane",
    "dateCreated": "01/19/2020",
    "dateRevised": "02/19/2020",
    "fieldOfStudy": "Sports",
    "helpYes": 66,
    "helpNo": 99,
    "definitions": [
        {
            "authorName": "Shane Warane",
            "dateCreated": "01/19/2020",
            "definition": "fighting is a battle or combat.",
            "quality": 0,
            "likes": 0
        }
    ]
}]